study_hours,attendance_percentage,previous_exam_marks,assignment_marks,internal_marks,practice_test_scores,sleep_hours,study_method,extracurricular,final_exam_marks
5,85,65,70,68,72,7,Self Study,No,72
6,90,70,75,72,78,7,Online Course,Yes,79
3,65,45,55,50,48,6,Self Study,No,52
8,95,82,88,85,90,8,Coaching,Yes,91
4,75,55,62,60,58,6,Self Study,No,61
7,88,76,80,75,82,7,Online Course,Yes,83
2,60,40,50,45,42,5,Self Study,No,47
9,98,90,92,88,95,8,Coaching,Yes,96
5,80,62,68,65,70,7,Online Course,No,70
6,84,68,72,70,75,7,Self Study,Yes,76